x	y	label	showSelected1
1	-0.9	"m=1
f(m)=-1"	1
1.5	0.35	"m=1.5
f(m)=0.25"	2
1.25	-0.3375	"m=1.25
f(m)=-0.44"	3
1.375	-0.00937499999999999	"m=1.38
f(m)=-0.11"	4
1.4375	0.16640625	"m=1.44
f(m)=0.07"	5
